student,date,devolution,book,librarian,price
885,2022-11-01 06:58:05,2020-03-18 23:01:24,63,5,4
,2021-07-29 10:24:17,2020-03-23 02:11:11,276,1,4
692,2023-09-19 20:15:22,2023-11-04 08:00:50,537,4,2
500,2020-05-15 10:27:46,2021-01-08 07:55:35,802,3,6
,2019-07-26 08:06:08,2023-03-12 13:26:01,695,9,2
,2020-12-28 10:25:09,2021-05-09 00:04:46,811,8,1
178,2021-04-02 00:49:08,2020-09-30 13:47:50,320,3,6
793,2021-08-04 04:32:42,2019-07-09 12:36:50,411,1,5
664,2019-11-27 19:40:35,2021-05-02 03:38:55,760,2,6
714,2024-04-09 04:11:24,2019-08-25 04:07:53,24,10,1
,2023-04-02 23:19:26,2020-01-13 15:49:18,753,5,7
539,2021-10-30 16:36:33,2021-06-03 15:51:21,249,8,6
130,2023-04-27 15:57:09,2022-08-29 08:20:50,853,2,2
967,2022-08-30 15:57:19,2022-11-16 05:01:15,814,6,4
625,2022-03-07 10:47:12,2022-05-24 14:22:06,896,4,7
59,2021-12-23 10:05:55,2023-03-03 05:37:11,914,5,1
891,2021-05-20 19:12:23,2019-10-08 05:38:04,608,7,4
167,2020-10-15 00:31:46,2023-02-20 23:30:57,7,3,1
103,2019-07-30 18:36:43,2022-10-19 07:17:01,638,3,2
853,2024-04-23 10:32:13,2023-08-07 01:56:47,161,3,1
379,2022-06-29 09:05:42,2019-06-01 06:16:07,754,10,4
173,2024-04-28 12:42:47,2023-11-06 01:09:27,950,1,2
904,2022-07-03 02:11:13,2019-03-15 19:31:12,784,7,3
170,2020-09-12 22:41:26,2023-04-04 13:20:51,433,4,7
,2021-01-26 08:33:05,2021-02-15 02:58:35,426,5,3
832,2023-08-14 16:16:32,2023-06-27 06:48:38,373,9,1
836,2022-08-09 07:26:32,2021-09-04 08:41:08,830,9,4
435,2022-01-30 17:46:11,2022-11-30 19:55:11,414,8,6
518,2023-09-11 15:08:43,2021-04-10 23:37:27,387,2,4
,2023-01-01 11:44:43,2019-12-30 06:57:08,40,7,5
16,2020-12-22 14:39:17,2019-12-26 19:43:06,946,10,2
,2019-12-16 13:43:23,2022-07-13 02:54:33,169,5,5
7,2022-12-31 14:15:23,2021-04-30 20:42:55,276,2,1
,2021-10-30 22:32:57,2023-07-28 04:20:38,399,7,2
,2022-01-25 11:09:11,2023-10-28 10:38:58,738,8,3
,2021-02-05 05:22:35,2021-07-04 22:58:07,524,3,7
139,2023-12-17 03:56:44,2021-07-20 21:09:03,435,7,3
801,2019-04-01 10:07:42,2021-03-15 15:31:02,671,1,1
977,2020-10-06 11:47:45,2021-01-15 16:58:54,428,2,4
871,2021-03-18 03:15:55,2023-12-01 00:47:35,864,1,2
992,2023-06-16 07:27:42,2019-12-20 21:01:27,398,3,5
998,2021-11-13 07:46:14,2020-05-15 11:48:15,517,1,4
715,2021-05-24 11:18:55,2023-11-25 00:01:00,670,6,3
775,2022-10-06 11:49:19,2022-05-01 02:02:06,132,1,6
210,2023-11-03 03:19:37,2019-10-03 04:02:20,615,10,4
537,2023-06-04 20:00:13,2020-07-01 23:33:36,487,3,1
399,2022-12-12 09:12:05,2022-02-03 18:49:06,302,7,4
698,2021-06-05 23:31:58,2020-11-12 13:32:23,213,8,4
312,2021-09-26 01:36:00,2020-02-11 23:17:24,221,1,4
890,2023-07-24 03:31:34,2024-04-21 18:25:35,946,4,2
905,2021-02-10 23:46:03,2019-09-19 21:07:01,8,3,2
684,2023-03-07 06:42:45,2021-08-12 17:05:09,951,5,1
812,2024-02-28 06:00:19,2020-08-12 18:02:51,372,10,2
554,2021-08-31 10:22:34,2020-01-25 12:42:28,780,10,5
374,2023-05-15 10:24:59,2021-02-12 12:13:34,56,6,7
364,2023-10-28 13:47:10,2021-12-28 09:54:08,210,4,3
842,2020-01-27 08:40:38,2020-05-28 10:38:59,122,3,2
933,2020-04-06 09:08:36,2021-06-10 05:11:44,390,1,4
587,2022-08-06 13:45:47,2022-04-13 06:53:17,243,7,2
688,2023-12-31 09:16:21,2021-08-02 10:47:27,237,2,5
,2020-11-26 16:27:24,2020-06-16 21:16:18,38,8,6
346,2022-05-29 09:04:36,2023-05-29 10:04:39,564,3,1
957,2020-01-01 13:39:08,2021-04-05 02:24:49,719,1,2
413,2020-12-10 03:58:57,2023-04-14 01:05:50,531,5,6
427,2023-06-04 04:36:00,2020-08-12 09:03:41,671,9,7
864,2022-08-11 06:32:26,2024-04-13 03:14:09,803,3,1
954,2022-07-28 09:26:06,2020-06-29 20:54:11,356,8,4
300,2022-08-05 20:44:53,2019-10-25 20:42:03,362,6,6
28,2023-01-28 13:22:03,2020-08-23 05:01:55,173,6,6
700,2023-03-04 03:19:36,2021-06-26 07:05:22,501,4,5
,2019-08-31 04:48:02,2022-07-29 14:47:05,318,4,2
594,2020-06-20 06:01:17,2021-11-26 06:39:54,491,7,7
,2021-03-28 16:26:37,2020-12-25 18:22:04,987,4,3
,2021-11-18 15:55:43,2019-12-05 04:02:42,624,1,2
,2019-09-05 08:52:47,2022-09-15 19:12:15,692,8,5
487,2022-12-01 07:56:59,2022-03-16 21:04:06,955,5,2
835,2019-07-15 23:23:41,2020-01-06 21:22:06,889,8,1
,2019-08-01 11:45:39,2019-04-19 08:51:31,562,9,2
,2021-03-18 01:51:20,2020-01-02 19:58:00,830,4,5
404,2023-11-12 04:53:18,2019-06-01 18:07:03,817,8,7
930,2022-06-21 23:56:37,2019-12-27 21:40:01,462,10,7
,2022-02-21 02:23:11,2023-05-24 04:08:42,79,1,2
331,2021-04-20 19:35:36,2023-05-07 10:39:57,137,1,4
85,2020-09-24 20:22:50,2019-05-24 09:44:41,523,9,6
891,2024-01-21 04:27:42,2022-02-14 09:58:15,510,1,1
505,2019-04-27 11:24:37,2022-07-11 17:47:24,434,9,3
118,2023-12-16 17:54:27,2020-06-30 19:13:24,261,10,7
,2023-05-31 03:42:13,2023-07-03 00:26:00,758,9,1
,2023-10-15 04:18:12,2019-12-18 14:30:19,411,4,2
,2023-05-02 02:43:32,2022-11-17 22:28:45,449,7,4
466,2023-02-20 03:06:58,2020-02-20 08:46:57,566,10,3
144,2020-12-07 09:49:21,2022-04-17 18:42:06,383,5,3
640,2023-08-18 11:50:20,2022-04-13 01:44:19,528,9,5
318,2022-05-28 01:54:07,2022-10-31 10:32:09,250,5,5
327,2021-12-26 04:14:30,2020-11-28 05:39:11,16,2,5
989,2023-05-14 03:00:46,2023-07-16 18:50:23,697,3,1
459,2023-10-08 02:29:03,2020-09-23 06:10:20,297,8,5
459,2022-10-04 04:17:51,2021-04-14 12:50:31,203,3,4
201,2024-01-29 03:46:41,2021-06-01 09:59:45,797,10,5
731,2021-12-19 06:21:13,2022-12-11 00:45:37,118,3,1
267,2021-09-26 17:48:46,2019-08-19 17:11:57,102,6,6
256,2022-04-27 19:48:23,2021-03-30 20:22:43,731,4,3
,2023-10-19 22:43:44,2021-04-05 21:49:36,702,3,7
376,2021-09-11 03:34:41,2023-06-28 12:33:33,674,2,3
,2023-04-23 13:00:46,2024-04-25 18:49:43,475,10,2
,2022-05-27 02:06:49,2021-05-11 01:56:18,176,5,7
436,2020-10-11 03:32:04,2020-07-22 23:24:38,99,2,5
122,2019-03-12 19:09:28,2021-03-09 22:28:31,614,5,7
,2023-10-21 13:54:27,2020-06-15 05:34:18,311,2,4
704,2023-01-10 08:43:20,2023-08-08 21:17:21,132,7,5
505,2024-01-23 09:54:10,2019-04-20 00:31:29,928,8,4
968,2020-07-14 00:35:11,2022-02-17 19:53:08,582,6,5
438,2019-08-13 22:53:19,2022-12-25 19:29:44,503,2,6
949,2023-01-30 21:13:52,2024-02-21 18:05:17,346,6,6
403,2021-09-06 22:42:35,2022-01-24 16:16:25,916,6,7
353,2023-08-04 02:49:09,2022-02-11 02:06:17,495,10,6
400,2021-06-10 10:43:14,2019-11-02 20:29:17,275,4,2
89,2021-07-07 20:05:51,2020-04-06 12:59:03,260,3,2
421,2021-09-08 00:26:11,2019-06-17 15:56:07,514,9,6
131,2022-11-28 04:18:11,2024-03-31 14:08:55,794,10,7
,2023-07-29 05:52:20,2021-04-26 16:42:25,871,3,7
966,2023-08-16 23:49:29,2020-02-04 09:12:30,554,7,1
457,2020-04-21 03:45:49,2023-02-17 07:13:20,398,9,7
,2019-12-16 02:18:10,2021-02-23 14:59:49,55,2,6
,2019-11-06 03:52:33,2023-11-11 08:43:09,161,4,3
155,2022-02-01 03:38:57,2023-04-16 17:13:36,744,8,3
215,2020-06-24 16:04:22,2021-04-14 04:36:19,734,1,5
140,2022-09-18 19:28:25,2022-05-30 14:13:51,368,9,1
987,2021-12-24 19:54:14,2024-01-26 18:35:57,959,10,5
193,2023-10-22 13:52:00,2024-02-14 11:18:05,57,7,1
,2019-03-14 18:38:15,2023-07-05 12:41:00,727,8,1
396,2024-01-14 13:46:32,2024-01-23 00:05:07,786,1,5
221,2023-01-21 10:58:01,2021-01-29 19:19:36,905,4,5
289,2020-04-08 18:33:40,2020-03-09 15:50:24,668,1,1
179,2019-11-26 00:40:19,2019-07-28 06:39:01,513,1,7
627,2022-05-11 10:05:18,2020-08-07 14:04:10,92,1,4
157,2019-06-11 03:48:27,2020-05-18 22:55:09,797,4,5
841,2022-06-09 06:28:00,2020-07-15 00:43:42,24,7,6
,2023-04-29 16:17:45,2021-07-30 19:31:08,966,4,2
230,2024-02-21 04:22:18,2022-08-04 04:30:27,87,1,5
23,2019-07-25 16:17:20,2020-09-29 04:20:31,868,9,6
,2020-07-15 10:13:07,2020-04-03 18:37:03,24,10,4
139,2023-05-15 14:40:20,2019-09-15 01:26:43,849,9,3
,2021-02-18 23:37:49,2021-02-12 07:58:21,507,8,3
192,2024-02-28 11:07:10,2023-08-16 20:48:51,58,6,7
507,2022-02-06 05:07:23,2021-03-15 09:12:48,357,6,7
89,2021-11-06 22:16:44,2023-12-02 00:44:27,782,2,2
445,2020-03-15 15:16:00,2022-07-10 14:46:36,574,6,3
228,2023-09-24 12:29:15,2023-12-08 01:51:38,159,8,6
891,2021-03-23 14:38:44,2024-02-18 22:45:35,57,9,1
26,2022-08-09 19:31:04,2024-01-31 08:41:57,744,3,3
,2021-08-01 01:21:49,2020-08-16 14:15:04,435,10,5
362,2023-01-02 08:32:47,2024-01-23 11:58:11,929,6,6
602,2023-11-10 13:42:39,2022-05-15 11:59:27,546,2,1
112,2022-10-05 06:38:13,2022-12-03 01:30:08,5,10,6
653,2021-09-04 17:49:20,2022-09-12 18:34:47,779,2,2
851,2022-04-27 17:27:31,2019-11-07 13:17:12,869,8,1
925,2019-12-17 20:30:46,2022-06-15 04:07:56,71,3,1
570,2019-10-16 11:01:28,2020-05-24 18:33:29,420,1,1
534,2021-12-05 07:51:34,2022-04-03 10:13:11,204,4,3
,2021-12-19 02:41:59,2022-02-13 11:18:20,346,5,5
,2023-11-06 14:31:01,2022-08-22 03:03:45,580,9,3
943,2019-11-25 04:39:07,2021-06-13 06:16:37,134,9,3
562,2020-10-16 01:13:31,2020-02-09 21:23:30,134,10,7
157,2019-07-06 09:37:54,2022-06-30 17:26:54,761,5,5
962,2020-03-02 08:06:45,2022-11-15 13:23:55,445,4,2
1000,2022-07-11 14:54:06,2019-10-19 16:32:55,963,7,2
767,2020-12-27 11:21:30,2023-03-31 10:15:13,805,1,6
,2021-04-29 21:09:58,2023-02-22 19:55:47,634,5,5
736,2020-02-11 07:27:56,2020-05-15 14:35:57,549,3,6
222,2023-06-20 11:01:21,2024-02-22 12:52:06,638,3,1
,2023-10-16 14:31:23,2020-06-14 14:05:20,902,6,5
862,2019-08-15 18:23:36,2020-02-16 09:03:29,327,8,3
876,2020-03-08 09:57:48,2020-06-30 05:55:49,579,7,6
680,2019-11-30 15:27:08,2020-03-10 07:00:53,532,6,1
763,2019-08-17 04:18:17,2024-02-20 15:28:41,915,3,7
,2021-11-11 14:20:42,2022-10-27 00:09:01,46,10,2
413,2023-03-01 09:54:04,2021-05-11 11:07:38,26,3,6
887,2023-03-22 11:50:32,2019-06-01 12:17:44,296,4,6
386,2023-12-26 17:52:12,2019-07-13 00:17:54,710,8,5
,2019-08-06 05:24:12,2020-03-12 17:11:04,261,6,2
743,2020-01-21 13:56:17,2022-12-11 04:05:39,899,4,4
,2022-09-19 05:21:20,2019-12-01 02:04:56,624,2,6
693,2023-10-04 22:41:33,2020-06-07 07:54:32,543,3,5
,2021-05-28 02:01:43,2023-10-14 06:42:35,505,4,3
776,2021-02-04 18:28:17,2022-06-19 07:02:27,167,4,3
414,2021-02-19 04:44:12,2019-05-11 11:39:57,778,10,5
,2023-01-04 11:42:46,2023-08-09 04:35:29,592,4,3
375,2023-09-17 22:12:25,2020-02-14 10:16:36,687,3,7
372,2019-07-09 11:35:01,2023-10-01 13:29:32,775,6,4
,2023-03-09 12:17:17,2020-02-02 00:44:09,863,5,2
,2024-04-13 21:37:24,2022-01-02 10:30:12,84,1,4
539,2024-01-15 14:58:07,2023-09-10 04:26:42,79,2,3
640,2024-01-22 16:11:26,2021-06-22 13:54:52,257,8,6
119,2023-04-11 23:57:04,2020-07-07 23:01:28,234,2,3
957,2022-10-11 16:39:10,2019-11-02 08:24:36,62,9,6
38,2020-08-01 23:40:59,2023-11-08 21:24:02,578,9,1
,2024-04-20 11:28:18,2019-09-25 22:10:34,794,3,5
207,2023-05-15 20:44:26,2023-09-16 07:54:56,710,8,4
278,2022-06-28 08:52:03,2023-01-14 16:44:42,150,5,3
,2021-10-01 14:05:36,2022-08-19 13:48:03,353,4,4
774,2021-04-12 06:23:04,2019-11-13 12:35:42,904,3,5
360,2020-05-21 14:44:05,2023-10-28 09:00:03,718,1,4
,2021-02-17 05:01:21,2022-03-14 19:48:19,320,9,3
217,2023-05-28 09:30:55,2022-01-31 02:58:42,767,6,2
50,2023-12-04 15:20:46,2022-05-27 08:07:09,942,1,2
838,2020-11-17 15:16:07,2023-03-14 17:28:19,104,9,5
499,2022-08-04 03:13:33,2020-02-03 03:07:16,642,5,1
58,2022-01-15 17:34:49,2021-04-21 03:12:35,160,10,6
181,2023-06-22 13:42:25,2024-03-22 10:09:46,575,8,5
,2022-08-19 20:32:48,2023-01-13 08:28:50,61,4,3
719,2021-06-28 21:13:45,2020-08-30 08:10:54,78,6,6
,2021-06-25 22:24:54,2022-04-20 01:25:11,731,6,7
525,2022-11-10 18:34:03,2020-08-24 05:00:56,281,8,6
478,2019-04-10 22:52:50,2020-06-29 00:48:33,814,1,2
,2022-07-22 18:36:01,2023-09-20 20:05:34,40,1,4
,2022-07-18 05:51:30,2021-08-05 19:33:01,593,9,5
,2020-10-20 12:28:36,2021-07-08 12:01:25,894,3,3
137,2021-06-22 17:07:23,2024-01-14 06:41:24,710,1,1
120,2023-06-06 15:30:56,2022-07-17 13:40:35,26,10,4
465,2019-05-29 06:09:00,2019-12-28 02:32:45,521,1,6
398,2021-09-23 18:43:04,2023-09-17 12:50:03,516,7,4
866,2023-07-09 03:07:00,2021-07-19 11:53:31,891,4,7
930,2019-11-11 02:16:50,2021-01-13 05:41:35,600,7,7
650,2021-12-25 15:19:34,2019-10-12 16:24:48,502,2,7
,2022-03-16 09:08:55,2020-06-21 16:16:32,516,7,3
,2022-07-20 13:36:54,2020-04-09 06:05:01,704,8,2
381,2023-12-21 01:08:02,2020-04-11 07:51:02,85,9,2
941,2019-04-23 03:11:44,2023-03-13 20:39:44,395,4,4
789,2021-09-22 10:28:40,2019-05-31 11:06:39,835,7,3
661,2023-06-16 03:11:26,2023-03-11 05:06:41,752,5,5
957,2021-05-27 03:57:09,2023-03-15 18:54:51,452,10,4
651,2021-02-13 22:35:51,2019-11-18 23:09:14,795,6,1
,2022-12-09 12:05:46,2024-02-16 21:19:49,875,6,3
446,2019-05-23 03:54:40,2020-05-21 19:35:30,245,9,1
137,2024-02-18 21:34:02,2020-04-30 10:12:46,159,2,7
,2021-06-05 13:25:28,2024-01-03 06:50:58,176,2,5
23,2019-05-28 20:47:58,2020-05-14 05:43:49,357,7,7
902,2020-09-08 06:07:44,2022-09-13 02:01:41,774,2,4
512,2020-10-15 03:36:07,2020-06-14 10:56:39,452,8,6
659,2021-03-12 11:03:08,2020-01-25 12:40:40,736,4,6
665,2024-02-03 08:04:31,2023-12-05 02:12:37,796,2,6
861,2019-04-08 23:04:20,2020-07-29 10:16:01,957,4,2
32,2023-04-07 15:33:02,2019-09-16 08:43:15,992,2,6
449,2020-12-27 11:50:02,2022-12-20 13:02:22,934,3,7
,2022-04-03 21:15:11,2019-11-24 22:51:54,177,1,5
888,2023-05-21 05:03:50,2022-02-04 18:17:59,54,9,1
6,2020-12-06 22:58:45,2021-10-11 02:38:37,919,6,6
228,2020-11-22 07:27:02,2020-09-08 01:55:53,593,6,1
301,2020-10-24 20:04:54,2020-08-05 23:31:28,183,3,5
931,2021-03-06 23:39:21,2021-10-28 19:44:22,287,5,5
602,2021-07-26 07:20:53,2019-06-26 10:59:42,568,4,1
,2020-10-25 22:44:53,2023-05-14 13:31:17,346,4,4
163,2020-11-10 21:45:22,2024-02-12 04:32:10,743,6,4
,2021-12-19 11:16:04,2022-05-06 23:20:22,897,7,5
947,2021-12-31 15:32:07,2024-02-21 19:53:13,120,3,6
795,2020-01-20 10:57:27,2023-12-18 23:44:16,525,8,3
824,2022-02-23 07:08:26,2022-12-03 09:51:50,90,2,1
,2022-01-08 13:48:04,2024-04-20 10:01:32,306,3,5
,2022-05-17 14:10:40,2020-09-21 15:42:31,551,5,6
845,2019-08-27 19:51:08,2022-05-20 13:11:25,696,4,7
110,2022-04-04 01:20:28,2022-10-06 13:57:18,816,2,2
,2021-06-11 01:22:40,2021-08-27 02:10:43,946,4,1
788,2021-09-28 11:28:46,2020-09-04 10:29:16,806,6,6
634,2023-07-29 03:30:59,2023-05-05 07:09:50,272,1,7
658,2019-08-17 03:11:40,2022-05-13 19:30:34,168,5,6
637,2019-10-16 02:42:27,2023-05-18 18:40:38,227,2,3
566,2023-07-20 04:22:04,2020-10-31 07:24:12,812,4,2
625,2024-01-14 00:12:13,2023-01-15 15:14:50,754,7,2
375,2023-12-12 19:52:27,2019-04-13 15:50:10,438,5,5
537,2020-03-09 03:19:48,2022-01-24 04:29:15,598,3,3
800,2020-02-15 17:17:37,2022-11-21 01:15:55,781,6,5
873,2020-03-21 01:21:03,2021-02-09 00:40:59,613,2,6
375,2022-06-01 08:13:51,2021-02-28 05:31:05,290,4,3
551,2023-06-26 10:46:58,2019-07-27 00:18:13,422,10,3
669,2024-04-11 18:35:54,2024-02-17 23:57:14,662,1,4
,2019-04-14 12:41:15,2021-07-21 09:41:22,549,6,3
428,2021-03-20 04:05:56,2023-07-12 13:53:00,120,4,5
,2022-04-03 02:33:31,2020-10-20 00:03:33,888,2,3
368,2023-06-16 00:09:21,2023-07-16 02:27:29,803,10,2
690,2023-03-19 19:57:18,2021-01-16 10:38:45,560,3,6
161,2024-04-17 18:51:49,2022-04-02 23:02:25,124,1,3
349,2021-07-09 03:55:43,2020-10-12 23:11:45,710,3,6
241,2022-09-17 08:00:30,2021-11-30 21:51:55,696,2,1
808,2022-01-29 16:40:47,2021-04-24 07:43:08,501,10,6
,2023-09-04 07:35:01,2021-07-08 05:41:00,105,5,4
,2021-11-09 23:00:32,2021-05-26 07:19:32,546,9,7
464,2021-09-20 21:35:07,2023-10-22 19:11:33,1,9,6
404,2020-02-27 03:21:57,2021-11-04 22:10:06,854,2,4
,2021-07-08 11:50:18,2020-07-18 17:46:00,510,9,4
481,2021-09-23 19:24:23,2021-12-06 12:26:08,698,5,3
409,2021-12-15 05:56:36,2020-03-15 08:40:08,502,5,2
613,2019-11-25 23:57:40,2020-05-14 15:06:12,709,5,3
749,2022-08-13 01:40:58,2022-08-08 00:03:54,40,7,5
34,2021-11-08 11:21:25,2023-02-18 09:54:09,888,6,1
63,2019-05-13 06:47:45,2021-01-22 14:47:22,245,5,3
,2023-12-15 18:46:30,2024-04-03 08:39:53,754,8,1
766,2019-11-24 03:55:25,2021-10-09 04:43:31,932,1,4
666,2021-07-03 22:44:50,2021-08-13 19:25:30,580,4,3
740,2023-08-11 03:04:41,2024-04-10 19:41:55,603,2,2
377,2023-11-30 22:20:35,2023-08-29 18:24:16,188,1,2
220,2021-06-25 18:49:08,2024-03-22 00:26:35,695,4,1
,2023-06-02 22:08:37,2022-11-22 23:19:54,82,3,3
538,2023-07-11 21:21:02,2022-10-30 02:00:25,913,6,5
811,2019-08-02 14:59:03,2022-09-17 03:47:24,174,4,1
221,2020-06-16 03:19:31,2024-01-13 10:21:08,34,4,4
815,2020-06-26 13:31:20,2020-10-30 08:44:40,847,4,6
,2020-09-13 14:08:34,2021-06-17 23:29:44,378,4,5
335,2024-03-16 02:11:28,2021-10-12 11:02:32,467,5,3
433,2023-05-24 23:24:42,2021-01-05 04:46:12,841,1,4
163,2023-03-04 07:46:26,2020-01-24 00:17:49,531,10,2
476,2019-05-15 17:57:29,2023-08-11 19:14:02,735,6,1
215,2022-12-29 01:19:29,2022-07-11 00:29:33,983,1,3
540,2021-06-07 01:32:44,2022-07-30 07:44:42,339,6,4
822,2021-08-30 00:28:16,2020-06-14 17:48:51,653,9,1
266,2019-04-28 13:10:22,2022-08-16 12:20:09,11,8,5
,2020-03-02 21:41:03,2019-04-21 22:46:07,268,2,7
524,2022-08-23 20:37:18,2022-05-25 23:42:29,452,3,3
174,2021-10-08 12:24:56,2019-08-24 06:46:53,953,2,3
499,2022-12-08 15:57:24,2024-04-27 07:47:10,743,1,7
410,2022-10-28 00:26:58,2021-06-22 17:10:59,94,5,5
897,2019-07-30 13:44:08,2019-10-23 11:36:46,253,6,6
,2022-02-08 22:25:51,2022-02-20 22:16:48,720,5,6
652,2021-05-05 20:33:13,2019-11-12 13:46:16,206,3,4
664,2023-04-08 03:59:53,2019-06-20 00:46:24,450,4,2
145,2021-04-26 18:29:32,2019-06-06 15:14:20,121,5,3
219,2019-06-09 12:51:14,2020-08-25 02:21:51,119,6,2
787,2020-07-24 17:36:21,2023-08-05 07:24:54,566,7,5
616,2023-11-25 01:55:51,2023-10-12 06:37:37,266,8,6
221,2021-06-15 17:05:26,2023-08-23 04:39:40,572,3,4
,2024-01-20 02:19:50,2021-11-13 18:17:04,172,6,4
781,2020-03-25 22:44:01,2022-01-21 08:37:32,206,4,6
879,2021-02-24 18:58:05,2019-12-26 22:48:38,175,2,1
779,2020-07-26 20:51:01,2021-11-02 05:02:57,240,5,3
700,2023-06-14 22:30:20,2023-06-16 01:19:00,776,5,1
833,2020-04-26 22:06:14,2023-09-04 08:18:53,244,3,7
,2023-11-05 05:38:20,2019-04-29 06:58:40,552,10,1
49,2020-06-16 12:56:51,2020-09-19 10:00:10,450,2,4
202,2022-03-10 13:04:03,2020-04-09 11:58:23,87,9,6
734,2020-01-17 07:54:40,2020-03-12 09:46:40,895,2,7
903,2020-10-03 00:56:07,2022-09-30 01:38:40,647,4,2
226,2021-10-01 18:44:42,2019-04-27 12:38:45,620,8,2
805,2020-11-01 19:07:52,2023-10-28 22:25:50,687,10,6
,2023-09-27 09:04:42,2021-01-28 14:42:51,756,3,7
917,2022-05-12 17:38:50,2020-03-06 23:43:36,709,10,5
579,2021-06-17 10:30:39,2022-10-08 21:51:13,425,10,4
,2020-12-18 15:13:00,2021-09-15 02:46:49,246,9,5
787,2020-05-17 14:13:49,2022-11-20 05:48:06,903,5,2
550,2022-06-29 13:36:38,2023-06-01 13:19:48,398,5,1
,2020-06-12 00:05:39,2020-09-10 08:09:31,286,2,2
6,2023-05-14 14:38:01,2021-03-11 10:34:08,868,2,5
133,2022-08-24 20:07:43,2020-12-27 22:46:23,399,7,3
521,2020-12-29 13:28:19,2023-05-13 06:28:50,103,3,1
832,2024-03-22 00:13:51,2021-05-18 08:05:26,751,5,3
726,2022-05-23 13:56:27,2020-01-24 10:26:57,146,9,6
67,2020-08-04 06:43:00,2023-11-21 06:14:37,648,9,3
542,2022-04-14 12:40:35,2020-05-24 10:22:52,386,9,3
942,2020-07-20 08:14:59,2020-05-19 20:19:24,12,9,1
748,2023-03-10 11:06:15,2021-11-23 18:51:55,454,3,4
763,2023-02-05 21:25:08,2021-12-24 02:51:08,726,6,3
963,2023-10-03 15:24:08,2019-04-22 04:42:55,724,4,6
,2021-05-14 14:47:43,2020-02-27 11:58:14,707,1,2
372,2023-02-16 08:05:55,2021-04-30 01:58:17,942,2,6
713,2019-07-01 20:09:51,2021-08-23 20:16:36,157,4,2
,2019-06-03 07:48:02,2019-08-06 09:02:02,245,8,3
113,2020-12-26 09:25:10,2023-08-01 11:31:00,821,1,3
866,2021-12-24 05:11:15,2019-07-17 19:38:41,678,10,4
453,2023-09-16 14:41:31,2023-10-13 06:59:07,994,1,3
,2023-09-21 09:30:18,2021-01-22 22:06:03,217,3,6
444,2019-06-13 20:25:54,2019-12-13 14:07:35,283,3,1
386,2023-08-18 07:22:42,2022-11-05 13:31:26,695,9,6
16,2022-10-07 07:55:25,2023-10-12 04:42:28,348,1,7
942,2020-04-04 07:23:28,2022-09-10 14:19:28,756,8,5
319,2022-09-27 05:29:47,2020-01-16 16:39:20,662,3,2
,2019-04-08 05:11:43,2020-02-17 15:09:59,309,9,7
314,2022-04-04 01:50:16,2020-04-03 16:02:13,353,2,6
808,2021-05-29 16:03:48,2021-11-30 13:23:08,707,5,4
524,2022-09-03 01:55:32,2022-03-21 05:36:50,110,4,6
416,2020-02-14 23:32:40,2022-06-20 22:04:15,786,9,2
972,2020-08-16 09:54:40,2019-03-20 22:03:19,134,2,5
918,2024-02-19 22:07:37,2024-01-26 20:03:29,876,6,3
439,2023-02-06 15:57:54,2021-10-01 02:53:22,255,5,5
390,2019-10-27 21:18:39,2021-09-14 06:22:21,735,2,4
622,2021-08-14 11:18:36,2022-02-28 05:53:35,880,5,3
,2022-10-26 15:28:43,2021-09-07 10:12:51,724,3,3
834,2021-07-06 03:16:13,2019-06-15 14:35:13,975,5,7
,2022-11-15 09:45:12,2023-03-03 18:54:23,351,5,6
,2019-03-27 02:07:27,2021-01-13 08:42:02,30,3,4
,2020-02-07 21:10:42,2022-04-05 00:58:00,557,4,6
,2022-05-17 13:26:03,2023-01-27 23:02:07,762,3,6
891,2023-09-24 03:37:14,2019-08-28 11:25:15,943,8,5
800,2019-09-05 22:04:12,2023-02-12 21:07:21,330,6,2
809,2021-01-14 16:22:52,2020-11-22 18:59:53,288,5,5
370,2021-08-27 09:06:55,2019-10-25 19:59:20,125,2,3
983,2022-01-17 20:49:48,2023-04-10 20:17:29,420,8,7
81,2020-10-25 03:05:20,2023-01-30 03:33:00,121,9,6
333,2023-07-13 05:32:41,2020-04-30 20:48:19,880,2,7
88,2022-08-15 22:37:15,2021-01-24 20:15:20,511,8,6
,2023-03-01 03:38:55,2020-08-07 17:25:50,212,5,5
,2019-07-10 05:03:47,2021-07-09 13:14:36,877,3,7
872,2020-12-21 06:02:22,2020-04-26 00:54:38,696,1,7
503,2020-08-08 20:54:35,2020-04-08 05:52:08,215,8,5
822,2023-03-04 18:41:34,2023-07-11 04:01:55,611,8,2
413,2022-11-19 17:06:57,2021-06-24 14:48:15,305,10,4
223,2022-02-02 17:48:10,2023-02-27 02:25:52,788,6,1
313,2022-10-28 04:13:07,2024-04-11 08:41:38,554,2,4
599,2022-05-31 15:10:44,2024-02-02 18:42:35,396,8,5
99,2021-11-30 19:44:13,2021-08-15 05:19:04,700,3,7
,2023-06-15 23:26:47,2021-02-14 08:32:51,852,1,4
192,2019-04-26 02:02:15,2022-05-31 15:20:05,660,7,3
879,2022-04-11 10:44:11,2023-05-05 20:53:36,613,3,5
,2024-03-04 17:37:25,2019-07-23 15:41:54,71,5,7
397,2023-05-03 00:05:41,2023-08-12 01:40:29,467,5,1
250,2022-01-06 14:27:31,2021-06-08 03:07:24,797,3,3
,2020-06-13 00:51:42,2020-08-26 04:06:44,901,8,2
617,2019-05-08 13:07:04,2022-07-17 03:21:12,523,6,3
13,2020-08-25 09:33:48,2020-01-12 18:53:57,286,7,6
,2021-12-29 09:12:34,2024-04-15 17:25:37,978,1,6
526,2022-05-14 06:57:32,2022-04-07 12:15:34,684,6,2
86,2023-01-19 02:55:22,2022-04-04 07:06:21,936,2,2
500,2020-05-20 13:19:03,2021-03-27 15:23:24,646,7,2
942,2021-07-21 02:21:42,2019-10-12 06:13:24,985,5,1
199,2021-03-20 22:39:50,2022-06-05 21:53:06,794,2,6
303,2021-05-20 10:56:33,2023-12-22 15:06:53,381,1,4
166,2020-06-14 14:33:44,2020-07-05 18:03:32,455,2,3
,2022-05-30 15:05:32,2022-08-03 12:08:49,154,1,4
160,2023-07-08 19:25:25,2023-08-07 17:03:39,887,5,5
638,2022-07-08 20:17:25,2020-08-18 21:44:29,958,5,5
87,2020-09-17 11:24:45,2020-03-18 09:55:53,927,9,5
994,2020-05-11 14:03:24,2019-09-01 11:52:34,617,3,7
776,2020-06-22 00:20:20,2024-03-15 19:35:14,718,6,5
519,2019-09-21 21:11:25,2019-09-20 00:17:04,78,9,3
624,2019-11-27 12:22:21,2019-03-25 06:13:04,786,6,3
807,2022-01-27 02:37:38,2020-05-16 03:40:33,819,7,1
532,2020-03-09 14:06:05,2022-04-18 10:52:32,14,10,7
,2019-04-12 04:36:35,2020-05-19 09:11:45,71,7,6
729,2021-06-22 12:22:39,2020-09-30 23:09:25,580,9,2
,2019-10-14 06:33:18,2021-10-01 07:17:11,109,6,2
1000,2019-11-28 01:54:58,2019-03-14 16:33:10,586,6,3
301,2019-11-25 13:22:24,2022-01-12 15:10:45,995,10,2
213,2022-05-29 02:40:10,2021-01-30 14:48:58,80,3,6
599,2022-05-23 06:19:41,2019-05-31 16:03:28,886,7,2
,2021-07-18 18:52:49,2021-05-22 11:19:20,382,8,7
,2024-03-21 10:31:50,2019-04-18 23:49:01,399,3,3
827,2020-01-22 06:42:13,2021-11-08 21:12:53,488,10,1
,2022-01-22 18:36:26,2019-05-19 17:48:32,474,6,5
190,2024-04-09 14:25:42,2022-04-03 15:47:25,133,7,6
644,2023-06-19 22:09:49,2021-08-12 04:28:52,947,3,4
,2019-03-16 18:51:58,2022-11-30 14:47:07,22,4,6
946,2023-01-31 11:39:01,2020-07-31 03:11:41,68,1,1
58,2022-07-22 05:33:29,2024-03-06 10:23:09,401,8,7
261,2022-04-27 02:16:15,2020-10-11 19:23:21,93,4,6
592,2023-12-30 08:42:40,2024-04-13 21:53:38,596,2,2
805,2022-03-15 14:50:03,2021-05-03 12:48:05,317,1,3
52,2021-01-07 01:04:59,2019-04-24 10:20:29,265,3,1
502,2023-02-22 00:21:29,2019-09-27 23:52:07,54,10,5
553,2023-07-18 20:00:18,2019-06-15 21:32:25,630,3,6
459,2022-07-21 09:30:01,2024-04-26 23:01:55,247,10,7
177,2019-09-12 03:41:19,2022-10-12 11:17:01,543,3,2
998,2019-06-30 15:47:16,2019-10-31 03:08:01,24,1,7
307,2022-10-11 14:32:05,2021-04-01 04:33:42,170,9,3
470,2020-12-07 12:30:38,2020-01-21 14:40:04,777,8,3
213,2020-08-14 17:01:12,2020-08-19 05:15:46,403,4,4
591,2024-01-18 21:12:56,2023-03-10 23:44:17,432,9,5
947,2024-01-24 22:11:32,2021-05-29 06:32:55,948,9,6
785,2020-02-03 01:17:50,2020-04-20 20:33:15,168,9,5
601,2020-08-04 17:52:37,2020-03-24 03:12:36,45,1,4
772,2021-03-05 03:47:54,2022-03-09 08:10:40,811,8,2
942,2023-05-02 14:02:58,2022-04-23 11:59:07,926,6,6
,2021-01-28 02:49:16,2020-08-19 07:22:19,66,8,7
216,2022-04-09 22:14:37,2020-03-29 20:18:59,782,9,2
855,2020-07-22 07:27:32,2022-03-19 18:46:05,74,5,3
712,2022-02-14 00:36:51,2022-01-19 03:21:13,659,1,4
162,2023-04-05 08:26:33,2022-08-29 22:35:00,698,8,5
,2020-10-27 15:43:58,2022-05-30 04:24:56,646,6,1
,2023-08-31 01:37:06,2022-10-29 02:44:57,648,10,5
937,2024-01-04 02:19:58,2024-01-24 02:14:20,620,5,2
170,2022-01-11 09:37:33,2024-03-30 06:26:46,981,5,5
732,2019-11-12 12:34:53,2019-09-22 08:33:18,378,1,2
811,2022-06-24 12:22:13,2020-08-21 07:52:27,598,7,5
376,2020-06-10 13:08:15,2021-04-05 12:06:34,855,2,2
722,2023-02-17 09:47:55,2021-06-21 13:36:48,287,2,2
114,2021-04-26 20:14:52,2019-08-30 21:55:52,360,4,4
103,2020-04-12 12:05:25,2019-06-21 02:26:56,537,9,7
817,2020-06-02 01:30:11,2022-01-07 11:49:07,653,4,1
,2020-11-24 08:59:28,2022-04-08 23:25:33,674,2,6
245,2023-12-23 17:29:55,2023-08-16 02:58:12,992,6,4
454,2020-03-11 12:34:32,2022-10-27 13:11:48,40,10,3
627,2019-11-05 12:00:08,2021-06-02 15:15:58,111,2,1
469,2021-02-27 23:40:38,2019-06-13 05:34:25,273,5,3
545,2020-12-18 10:00:44,2020-07-04 17:05:17,804,5,5
,2020-01-30 17:51:15,2021-02-05 09:35:13,80,10,4
68,2024-02-27 15:36:02,2022-07-28 10:19:05,679,1,1
355,2023-04-07 03:00:48,2022-06-07 16:31:49,79,6,1
804,2020-10-25 22:46:45,2020-07-28 18:24:49,341,6,6
,2020-08-21 13:16:06,2021-05-24 16:04:36,954,8,5
492,2022-06-05 10:34:41,2021-07-21 17:31:41,490,2,7
518,2023-09-19 06:13:20,2023-05-27 15:43:06,296,1,5
646,2021-08-17 13:30:42,2022-02-09 02:40:19,322,7,5
616,2023-08-03 06:41:37,2021-01-29 19:32:43,872,7,3
734,2021-02-15 06:03:47,2020-05-02 15:31:39,444,9,7
,2020-03-29 00:16:53,2022-07-27 16:45:10,107,4,3
655,2020-10-21 18:16:38,2022-03-08 15:44:24,234,2,4
,2024-01-26 11:27:53,2023-04-27 04:23:24,736,9,4
834,2021-07-22 09:35:43,2023-11-09 22:35:26,26,7,2
225,2019-06-17 01:36:30,2019-06-29 08:48:45,843,10,6
559,2022-12-02 07:34:38,2019-07-06 19:40:25,963,4,1
386,2022-07-07 04:14:12,2023-06-08 07:39:18,39,10,3
234,2024-04-04 10:29:06,2020-06-11 00:56:13,621,7,6
878,2019-07-15 00:04:03,2020-06-09 06:48:43,401,8,1
768,2023-12-08 17:25:01,2022-05-20 23:57:21,628,2,5
801,2020-03-20 18:24:04,2021-02-26 19:28:34,299,8,1
592,2023-05-03 19:08:21,2021-12-24 19:59:58,261,9,4
819,2021-07-30 05:03:33,2022-02-11 14:27:24,239,7,1
,2023-03-13 00:51:46,2023-02-02 06:51:48,733,10,1
517,2021-07-23 01:45:09,2021-07-03 04:54:49,188,8,2
980,2019-10-01 17:21:48,2021-06-10 20:37:48,318,4,4
251,2023-08-01 14:54:21,2023-11-26 06:30:55,655,1,7
280,2020-05-25 03:37:32,2021-12-29 06:04:40,469,5,5
889,2022-04-13 06:34:08,2021-12-07 10:37:34,400,9,7
,2024-04-19 10:18:02,2019-09-19 00:40:08,564,4,5
963,2022-03-15 15:23:43,2021-11-06 16:49:18,717,9,1
314,2022-11-27 20:34:37,2021-06-13 19:05:49,931,10,1
,2022-10-05 12:17:04,2020-03-25 10:50:05,75,9,6
564,2021-12-04 23:12:09,2019-03-31 21:36:19,733,5,7
89,2019-07-10 17:53:04,2023-04-26 23:43:02,358,3,1
747,2020-01-24 07:45:03,2020-07-15 16:03:31,574,1,2
100,2020-06-08 12:34:23,2023-01-04 05:39:11,329,5,1
935,2023-07-28 09:34:10,2019-12-20 10:45:47,686,5,6
595,2019-07-06 17:22:01,2021-07-31 19:58:28,802,4,6
,2021-03-06 10:07:06,2020-05-12 10:44:03,644,5,7
,2021-06-20 13:56:14,2023-12-05 16:44:44,467,10,6
785,2022-04-10 05:45:44,2022-03-01 05:40:02,613,3,6
131,2020-01-03 06:42:05,2019-07-31 05:12:47,382,6,6
420,2022-10-03 04:07:40,2021-06-27 23:52:33,318,5,6
617,2022-10-21 02:51:16,2021-06-09 11:09:21,190,10,4
781,2023-03-07 08:40:43,2022-07-21 03:47:27,846,8,4
112,2023-07-10 03:49:36,2019-03-26 05:49:50,874,4,3
192,2022-03-06 12:23:01,2021-09-23 20:14:20,704,10,4
624,2021-12-11 10:17:46,2023-06-02 16:06:04,733,9,1
931,2023-01-19 17:33:57,2019-11-12 09:09:01,48,8,2
833,2022-07-27 05:33:45,2019-10-08 08:55:58,652,10,4
74,2021-03-15 02:19:03,2022-05-05 06:51:04,919,10,2
,2022-09-30 03:30:48,2023-03-27 13:27:36,621,9,2
,2019-06-04 04:47:43,2021-09-15 04:36:30,307,2,6
175,2021-02-18 11:28:15,2023-12-27 01:38:15,720,10,1
508,2021-07-22 02:57:55,2021-08-01 16:48:16,959,4,5
324,2020-10-16 19:10:41,2021-10-04 12:23:58,440,6,7
970,2020-02-20 22:43:32,2021-04-09 15:06:24,825,4,3
780,2021-07-07 18:39:16,2021-06-20 05:52:00,367,10,4
892,2023-08-09 22:25:32,2020-12-10 23:17:18,919,6,1
,2023-07-29 12:37:30,2021-02-28 22:00:52,500,10,7
,2019-09-24 00:40:41,2023-11-26 07:59:12,491,8,7
992,2023-08-09 10:07:55,2024-02-10 18:10:09,775,6,1
550,2022-12-11 06:02:29,2022-07-05 10:50:56,319,10,2
834,2022-08-18 16:04:10,2019-09-29 15:20:26,737,3,1
162,2024-04-02 06:26:35,2019-05-11 00:34:59,568,2,7
,2022-09-08 07:15:10,2020-02-15 10:22:46,149,2,6
741,2020-06-26 07:29:09,2019-10-14 08:12:56,165,8,3
330,2021-07-27 15:06:04,2023-06-06 16:08:04,857,8,6
93,2022-08-11 04:25:03,2021-01-22 03:41:11,172,6,2
955,2021-08-25 05:36:04,2023-08-06 14:07:29,115,3,6
245,2022-05-24 10:45:33,2022-04-19 12:48:18,128,9,4
,2021-08-21 07:03:53,2023-09-26 02:45:30,598,3,2
429,2020-01-05 01:31:36,2022-02-09 12:03:19,29,10,5
86,2023-09-11 04:33:06,2019-03-18 12:52:35,26,4,4
,2023-08-13 10:34:46,2022-08-17 13:10:17,106,10,1
330,2022-12-08 22:23:04,2020-02-18 21:25:56,375,9,4
372,2023-06-30 15:08:57,2022-09-11 00:32:23,690,3,5
325,2020-07-09 12:49:27,2020-11-29 20:31:18,31,4,6
983,2024-01-14 16:40:36,2023-09-10 08:58:38,934,6,2
10,2021-03-26 08:05:18,2022-09-06 21:27:39,580,5,5
561,2020-08-04 12:11:18,2023-05-20 12:36:37,817,1,7
607,2022-09-30 03:50:23,2020-03-13 12:48:13,790,8,4
126,2023-05-25 07:15:37,2023-03-19 23:35:32,722,5,1
391,2023-09-18 16:08:10,2021-10-23 04:01:47,486,3,7
339,2019-07-07 15:50:27,2019-09-13 23:02:22,157,10,2
706,2021-04-14 00:39:27,2023-11-11 07:05:07,51,5,3
603,2021-04-14 10:55:42,2019-03-12 04:38:43,642,9,5
702,2020-10-21 15:27:49,2021-12-21 07:30:47,413,1,4
4,2022-08-02 17:52:24,2022-06-06 04:38:30,197,7,1
318,2021-04-18 08:34:13,2022-06-25 20:06:45,953,4,5
845,2022-10-27 04:32:28,2021-09-27 09:44:22,925,9,3
187,2019-10-01 09:29:43,2022-06-21 13:55:13,194,1,5
,2021-03-23 06:24:05,2020-02-14 17:07:15,67,5,5
515,2021-01-24 18:03:58,2019-07-13 05:31:15,990,1,7
412,2021-08-05 03:13:53,2023-09-23 16:35:05,837,4,1
587,2020-07-26 20:28:45,2020-06-13 22:43:43,802,1,7
777,2021-03-13 03:23:47,2021-05-29 22:04:56,234,6,2
,2024-01-24 00:11:33,2023-08-22 00:04:28,208,3,7
581,2022-06-11 01:41:18,2021-05-10 14:08:47,938,2,7
717,2023-09-04 20:57:55,2019-08-04 14:44:35,53,5,7
,2020-11-09 12:47:34,2023-01-23 15:23:14,937,4,6
800,2020-07-28 09:43:09,2024-03-30 16:07:55,133,3,3
527,2020-07-31 14:28:33,2020-12-01 14:29:02,34,8,2
354,2019-10-17 20:20:53,2020-03-24 07:18:06,167,3,1
822,2023-09-11 04:46:06,2023-03-25 03:33:30,665,8,4
954,2023-11-22 16:47:11,2022-01-17 19:09:08,762,4,4
929,2021-06-01 18:25:02,2022-03-29 03:06:23,855,3,6
621,2021-12-09 07:47:46,2024-03-15 04:21:18,454,2,4
543,2021-09-05 17:32:46,2019-10-28 13:59:06,523,10,7
847,2020-06-21 09:24:45,2020-11-22 12:14:33,229,3,7
340,2021-10-02 04:45:00,2021-09-01 23:11:28,544,5,4
633,2021-12-12 21:47:27,2022-06-06 17:34:02,546,4,7
41,2019-07-09 20:21:22,2024-01-29 21:13:58,716,2,5
874,2019-05-25 14:37:32,2020-07-11 21:46:11,853,10,7
,2019-10-19 06:22:02,2023-04-28 15:31:53,901,8,1
107,2023-12-04 03:54:02,2022-09-13 18:57:59,312,2,3
997,2020-11-09 22:04:09,2020-07-26 22:02:03,129,1,2
359,2024-04-11 23:52:24,2020-03-17 14:28:56,943,6,5
90,2021-04-07 23:55:55,2021-07-09 14:49:36,710,4,7
790,2019-10-25 23:17:08,2019-06-08 20:18:38,644,3,2
785,2022-02-18 15:43:12,2021-07-30 22:17:52,28,7,2
159,2023-03-29 14:07:24,2020-09-23 07:33:03,70,6,4
657,2022-10-01 13:36:18,2022-09-03 08:41:58,186,3,6
827,2022-01-19 07:47:12,2022-02-05 07:07:01,897,10,1
,2021-03-07 05:34:49,2020-08-31 14:29:53,589,7,7
621,2021-11-27 04:40:49,2020-11-14 15:08:42,678,4,4
352,2024-04-25 14:23:46,2023-06-11 23:42:31,862,3,4
96,2022-10-05 01:40:59,2022-08-20 19:04:18,505,9,3
689,2022-10-03 23:11:08,2021-08-12 05:31:38,806,4,6
953,2022-08-09 07:41:42,2022-06-09 05:19:34,562,9,2
145,2022-07-15 11:23:48,2019-05-23 21:00:17,30,1,6
,2022-03-16 16:18:09,2019-04-22 21:41:05,10,8,4
266,2020-10-18 13:33:33,2020-10-24 22:15:31,761,3,2
51,2019-05-05 05:58:54,2020-10-27 20:52:42,821,5,4
,2022-12-20 13:21:24,2023-05-18 15:10:30,539,6,3
,2022-10-31 21:43:55,2023-10-15 14:53:02,825,2,3
463,2023-03-30 00:00:16,2019-04-04 12:20:46,75,3,6
147,2023-06-12 10:25:43,2024-02-11 12:36:47,799,2,1
,2023-10-23 23:38:03,2021-10-05 11:53:06,363,10,6
756,2022-01-12 04:56:27,2024-01-08 07:51:40,398,5,3
380,2023-07-08 08:33:04,2023-09-22 01:46:51,821,3,1
686,2022-02-26 10:04:05,2023-01-04 08:35:46,623,2,2
122,2022-09-18 16:29:16,2022-03-11 22:55:52,228,10,4
994,2022-02-06 10:18:23,2022-08-07 17:41:11,734,8,1
69,2022-04-19 05:41:36,2022-10-12 05:59:02,791,4,1
,2023-05-28 18:38:54,2023-12-01 09:51:48,843,8,2
660,2020-02-10 04:57:26,2021-11-25 13:47:57,17,6,3
585,2019-12-14 11:22:22,2021-11-23 16:12:43,90,2,7
615,2020-08-14 15:17:38,2020-04-15 15:27:00,363,5,3
123,2022-02-14 19:46:54,2020-12-29 16:22:30,226,8,3
,2024-01-23 03:24:09,2021-12-14 14:19:36,485,7,4
519,2022-05-08 11:40:37,2023-12-24 17:02:35,812,2,1
100,2023-10-14 19:16:14,2022-04-03 16:39:59,637,10,2
344,2020-11-20 03:19:20,2023-03-30 23:55:14,295,9,5
354,2019-09-02 23:50:57,2023-01-08 00:57:12,957,7,1
836,2019-09-16 14:08:46,2021-11-22 03:18:30,140,4,1
351,2021-11-30 13:09:39,2019-03-26 11:57:51,479,4,4
713,2020-11-13 10:30:50,2020-10-24 18:44:05,171,2,6
846,2019-06-24 12:29:39,2019-12-02 03:53:04,148,6,4
899,2023-06-18 08:21:45,2023-10-05 17:46:13,111,9,5
,2023-02-27 02:25:41,2023-02-15 20:02:23,6,2,4
32,2022-11-03 23:05:21,2021-09-26 16:24:42,590,2,4
613,2023-11-01 15:53:05,2022-05-28 02:39:47,278,5,5
740,2021-02-16 03:31:41,2021-11-06 06:25:38,690,1,3
813,2021-01-01 06:35:20,2020-12-24 11:32:38,431,5,4
953,2020-09-17 14:57:12,2020-04-04 09:22:33,865,3,4
599,2022-08-07 08:09:22,2019-11-13 12:36:33,462,1,2
,2020-10-18 16:43:11,2022-05-11 12:57:07,11,2,5
29,2020-11-04 03:57:37,2019-03-15 02:06:30,488,5,5
32,2022-12-12 12:26:56,2020-07-27 21:05:48,793,8,6
371,2020-11-26 12:26:37,2024-01-03 21:34:48,95,3,3
174,2021-02-23 12:40:03,2019-08-03 02:25:18,719,6,6
84,2019-10-08 21:36:56,2022-03-10 21:32:17,959,5,7
181,2020-10-25 06:39:40,2023-03-18 20:20:03,252,10,4
947,2022-10-05 10:33:57,2020-09-28 09:58:15,761,6,6
711,2023-11-19 00:04:53,2019-08-08 00:04:12,885,7,2
563,2019-04-19 12:38:20,2022-04-04 10:56:43,727,10,7
66,2021-08-30 18:00:30,2024-04-07 11:51:50,299,9,4
31,2022-11-14 09:07:13,2020-01-23 22:09:38,696,7,1
441,2021-10-10 11:24:33,2023-09-03 21:45:05,209,10,7
579,2021-09-01 13:45:53,2019-04-19 08:54:01,694,8,4
656,2020-05-14 02:56:21,2023-10-11 13:28:26,442,8,6
,2024-02-19 06:44:06,2020-08-06 14:10:19,270,2,7
9,2020-12-13 13:20:51,2021-02-06 04:10:12,216,6,5
511,2022-04-19 11:35:05,2021-07-21 06:12:34,607,3,3
531,2020-11-11 11:27:51,2021-12-08 17:22:27,419,2,5
148,2024-01-30 09:43:44,2019-06-24 18:52:12,224,8,1
859,2022-01-29 10:54:11,2022-08-09 12:16:06,325,6,2
,2020-10-09 09:58:52,2023-11-01 03:27:40,634,9,5
343,2022-06-05 18:45:06,2022-12-08 07:50:36,991,10,1
975,2022-05-01 18:01:29,2024-01-25 03:37:59,393,5,7
936,2020-03-17 10:59:17,2020-03-18 12:57:22,109,1,4
,2022-09-04 21:33:50,2019-10-05 02:36:02,997,9,4
364,2022-12-12 16:28:02,2020-08-08 01:11:38,138,9,1
262,2020-08-04 21:00:29,2021-04-30 17:58:35,771,2,2
,2019-12-18 02:25:20,2020-02-27 16:32:28,216,10,7
24,2022-03-21 07:12:45,2022-12-18 17:18:10,121,4,1
278,2023-08-10 02:03:07,2022-04-22 05:08:55,433,8,7
177,2024-04-06 12:23:47,2022-10-27 22:57:35,322,7,4
781,2021-07-27 15:18:46,2023-05-21 02:08:50,79,2,4
97,2021-06-05 15:30:03,2021-09-04 16:58:16,296,6,1
,2021-02-06 06:55:25,2022-07-05 22:56:41,148,9,6
882,2022-03-09 12:24:53,2023-04-02 18:24:54,256,2,2
198,2021-02-15 22:37:37,2023-03-07 17:00:03,276,6,7
,2020-06-20 18:24:00,2023-11-25 01:31:36,117,7,6
653,2021-01-10 12:00:01,2020-07-07 01:45:21,414,4,7
545,2023-09-08 19:06:16,2021-03-29 13:18:32,138,1,3
792,2019-07-23 17:56:21,2020-05-01 13:18:50,694,1,6
150,2020-04-04 23:43:24,2023-05-11 02:11:11,560,1,1
590,2021-02-16 23:36:06,2019-04-16 07:48:26,808,2,2
422,2023-02-25 23:53:12,2023-02-09 06:20:11,23,5,6
,2021-08-19 07:45:27,2023-10-30 12:54:09,314,8,6
817,2019-11-03 18:44:25,2019-05-14 19:49:28,394,4,5
717,2021-09-17 11:27:43,2020-05-10 03:33:08,859,1,3
54,2020-07-14 04:02:42,2020-03-06 04:19:17,880,4,4
597,2022-10-28 00:56:33,2021-09-18 00:43:57,852,6,5
443,2021-10-29 21:41:17,2023-07-16 13:54:29,496,8,1
,2022-04-03 23:10:37,2022-02-21 15:32:09,255,6,2
355,2020-08-21 22:49:51,2021-12-13 10:47:32,669,10,5
104,2019-06-21 13:06:54,2023-06-20 11:44:24,239,5,4
170,2019-08-02 12:17:07,2021-07-02 15:54:32,222,4,2
292,2023-12-23 02:40:24,2020-01-17 06:06:36,472,6,2
567,2023-02-21 18:15:00,2020-12-12 05:49:34,225,1,3
429,2024-02-26 07:13:24,2023-12-01 02:32:56,190,10,3
835,2021-04-01 05:02:06,2024-03-05 01:37:25,435,1,6
,2022-04-12 17:29:38,2022-11-17 13:12:02,943,6,3
404,2021-02-15 19:49:04,2020-05-15 22:14:15,384,1,3
101,2023-01-28 12:56:04,2023-11-13 21:47:31,54,8,1
837,2022-12-29 19:38:05,2023-08-18 06:51:22,87,3,4
831,2020-01-13 03:48:33,2023-06-03 08:48:49,73,6,4
282,2022-01-11 09:44:56,2023-11-18 19:24:13,345,9,4
,2019-06-10 21:36:29,2022-08-06 23:02:31,390,6,2
996,2023-12-16 03:29:09,2024-03-19 20:18:28,940,7,1
,2022-04-03 17:11:44,2021-09-05 08:38:43,222,5,4
,2022-10-26 21:10:51,2023-03-05 16:07:44,379,6,6
470,2023-06-16 22:49:07,2021-04-16 19:56:15,842,7,3
,2021-02-23 06:08:28,2019-10-01 14:49:47,780,10,5
607,2020-09-26 01:42:35,2020-06-14 19:52:15,222,1,7
576,2022-09-23 18:46:52,2021-04-15 05:06:38,667,8,1
238,2020-12-02 01:51:16,2019-06-21 11:32:33,381,2,3
637,2020-06-05 04:41:23,2019-09-24 12:19:04,831,10,6
503,2021-02-16 04:08:16,2022-06-28 05:31:55,739,6,7
404,2020-04-30 11:26:33,2022-04-10 03:32:11,332,9,7
307,2019-03-21 08:25:27,2023-03-25 07:40:55,861,4,2
619,2024-03-04 15:55:09,2020-12-31 18:07:52,102,8,2
772,2021-05-19 07:46:55,2022-06-19 13:17:59,671,8,5
136,2021-01-11 03:54:02,2022-11-03 08:53:16,131,7,3
861,2020-04-29 16:02:15,2023-12-18 06:52:43,599,1,1
553,2023-02-13 11:56:38,2021-12-02 20:41:43,988,1,4
473,2023-09-01 22:21:34,2021-12-22 14:44:36,390,7,2
395,2023-07-25 08:20:59,2019-07-30 09:26:02,987,1,7
,2024-04-05 01:18:11,2019-06-13 07:47:25,504,2,3
102,2019-10-05 07:48:22,2021-07-05 15:55:07,405,7,2
672,2021-11-21 15:54:40,2019-12-28 22:18:38,746,9,7
313,2022-06-02 01:45:02,2021-03-21 23:35:26,729,9,5
82,2021-11-29 16:19:12,2020-06-04 00:36:54,651,6,2
201,2020-06-14 16:08:23,2021-02-22 13:28:32,900,1,4
,2024-02-15 17:54:47,2021-11-16 02:37:00,607,10,1
,2021-03-04 14:42:02,2019-04-27 14:00:09,836,8,7
,2024-03-16 06:41:05,2023-12-12 21:53:02,39,8,7
306,2019-07-02 23:56:23,2023-01-30 17:40:11,95,4,3
651,2022-05-18 18:30:20,2021-05-18 22:36:38,599,3,2
967,2019-10-03 03:35:03,2022-03-11 07:00:03,233,2,6
774,2022-01-10 00:19:07,2023-01-15 15:14:59,1,10,3
270,2023-04-07 18:43:43,2019-03-28 10:43:19,672,9,3
124,2022-10-28 12:47:25,2021-08-30 03:35:48,166,2,7
495,2022-12-28 18:43:14,2023-01-03 12:54:01,673,1,5
323,2023-07-25 10:21:58,2023-10-06 14:36:35,167,3,3
583,2021-12-09 15:49:37,2019-07-02 06:15:51,757,9,6
,2020-03-13 00:12:18,2020-07-19 22:52:10,820,5,2
934,2023-10-11 18:06:43,2024-01-15 11:16:15,191,9,4
710,2023-05-01 16:52:20,2022-11-21 03:24:18,899,3,4
240,2023-05-29 22:16:25,2020-09-15 08:39:20,405,2,6
918,2022-10-26 18:10:52,2021-06-22 08:11:33,963,10,2
328,2020-02-06 13:36:28,2023-11-27 19:44:09,378,4,7
952,2023-05-08 16:31:38,2020-10-15 03:18:57,445,6,3
135,2024-01-20 13:24:33,2019-10-13 15:38:46,245,10,4
678,2020-01-19 04:57:00,2021-10-30 22:51:46,426,1,3
514,2022-01-13 07:22:30,2021-03-02 07:37:41,510,5,2
847,2021-09-22 13:53:59,2023-03-24 05:48:51,135,1,5
,2021-06-11 12:04:16,2023-07-14 15:41:33,755,3,4
72,2023-11-11 16:11:39,2019-07-08 09:38:50,653,8,7
537,2024-03-31 01:47:29,2020-08-29 04:16:47,393,2,4
266,2019-10-09 08:33:03,2021-11-24 08:16:24,721,8,7
179,2019-09-06 19:10:42,2023-03-28 08:19:08,126,3,5
381,2020-09-14 10:58:31,2023-05-01 18:48:37,97,1,4
466,2023-04-06 23:41:49,2020-07-14 01:44:55,300,3,6
445,2024-02-02 19:25:51,2021-09-09 15:50:34,666,3,7
531,2022-07-08 23:12:59,2021-07-22 20:29:31,188,10,2
750,2022-06-15 20:18:33,2022-09-03 02:27:15,83,4,4
550,2021-01-03 21:55:57,2023-12-15 22:41:53,86,8,3
727,2022-07-21 18:06:04,2019-11-24 15:54:59,153,3,4
,2019-06-03 10:32:56,2020-08-02 04:49:18,893,3,2
452,2022-11-09 07:39:12,2020-08-21 21:45:23,8,1,4
154,2023-03-14 02:10:03,2020-03-28 23:31:36,112,1,2
603,2024-01-18 19:54:27,2023-05-12 03:57:44,767,2,3
183,2022-12-12 17:59:27,2023-01-21 10:05:36,11,10,7
,2020-10-16 08:32:05,2022-06-05 00:42:29,80,3,5
175,2020-04-21 07:15:28,2019-12-03 11:31:00,829,7,4
851,2020-04-03 14:45:44,2022-05-01 00:35:37,949,1,3
,2023-03-15 17:13:32,2019-09-18 00:33:53,852,10,4
952,2023-05-18 17:57:22,2019-07-11 14:41:54,971,6,4
703,2024-01-01 06:49:06,2020-07-23 23:33:51,565,6,6
425,2021-11-26 17:40:06,2022-11-27 09:17:49,897,9,1
315,2021-03-29 05:58:48,2021-09-30 22:11:56,102,6,3
,2021-09-26 03:20:28,2021-02-27 02:11:19,549,10,3
,2022-11-28 15:52:47,2021-05-13 15:55:09,915,1,5
286,2022-03-29 16:54:13,2023-01-25 22:34:24,952,5,5
975,2022-01-04 18:17:08,2023-03-12 14:56:23,228,1,2
67,2020-09-21 03:29:28,2022-07-01 08:06:58,819,1,7
15,2021-04-26 16:19:08,2023-05-23 16:05:06,606,7,3
192,2020-07-27 18:06:38,2023-05-11 17:55:23,120,7,1
,2019-12-27 04:44:40,2023-07-14 19:17:52,410,10,3
821,2023-09-22 14:58:07,2022-10-16 00:06:31,328,4,5
830,2024-04-09 06:34:11,2023-11-07 22:00:28,55,10,7
908,2019-10-14 04:04:51,2021-02-09 03:20:57,493,8,6
562,2023-04-25 12:15:03,2024-02-17 08:22:04,449,7,7
339,2023-06-28 09:11:43,2020-04-30 11:18:18,123,10,1
,2023-01-17 18:45:25,2019-09-17 05:29:54,89,3,5
205,2020-01-13 20:32:09,2022-07-15 15:13:56,850,7,4
389,2023-10-24 20:47:51,2020-12-13 01:53:19,484,3,2
,2019-07-12 12:50:53,2022-07-11 04:47:20,560,10,3
381,2022-10-04 02:10:23,2020-04-27 02:19:23,372,7,7
,2019-06-14 01:12:23,2019-05-01 17:33:26,319,4,1
,2022-03-12 12:36:26,2024-04-23 06:05:40,280,2,2
977,2022-05-16 11:37:47,2019-07-30 23:34:35,786,9,5
938,2021-12-20 10:48:59,2019-05-28 11:57:40,907,4,3
257,2020-07-15 17:44:31,2019-11-28 14:38:17,494,2,2
24,2020-03-25 01:05:29,2024-02-08 09:54:40,483,5,5
549,2020-03-23 09:20:49,2023-06-30 22:33:42,481,9,7
630,2022-04-16 05:05:22,2022-03-24 03:55:32,774,6,5
,2021-03-09 17:00:13,2022-07-13 20:32:23,725,6,5
977,2023-02-04 23:25:47,2020-02-09 18:31:30,6,5,7
50,2022-10-14 19:09:43,2020-07-13 12:49:32,903,5,5
430,2022-03-28 12:59:00,2019-05-23 15:34:04,66,10,2
,2022-07-14 09:27:55,2020-03-11 16:11:17,314,8,7
496,2019-07-18 01:35:20,2022-03-11 05:20:18,309,1,7
83,2020-05-12 05:28:35,2023-09-17 12:23:40,366,9,5
,2024-03-30 03:58:49,2021-12-09 14:18:14,855,9,1
,2023-06-03 18:14:17,2022-10-15 12:07:20,71,10,3
549,2023-09-03 05:47:28,2020-05-17 06:08:27,831,2,6
,2023-04-15 07:08:03,2020-07-13 08:01:08,337,10,1
,2019-08-02 11:20:46,2019-07-31 05:04:06,892,9,7
812,2023-06-20 16:18:35,2024-04-10 12:05:34,45,1,7
,2019-05-21 05:48:09,2023-10-21 16:19:44,715,10,7
313,2024-01-18 23:47:34,2023-04-14 02:59:16,771,2,5
708,2019-07-28 18:43:49,2022-12-20 19:28:20,495,2,6
103,2023-04-08 12:33:26,2019-04-15 13:09:20,681,10,4
370,2022-06-07 23:52:53,2019-12-05 09:02:45,617,5,4
937,2021-11-22 00:30:35,2022-03-12 06:00:13,921,6,1
870,2022-02-28 17:52:55,2019-06-03 14:58:00,605,2,5
301,2023-03-29 23:03:17,2023-02-09 10:23:04,964,7,4
297,2019-10-31 18:49:46,2023-09-13 01:48:41,991,9,1
62,2022-07-13 17:40:58,2020-03-28 06:24:45,49,1,1
,2019-09-05 12:18:34,2021-10-16 07:49:22,195,7,2
633,2019-09-30 17:01:42,2021-03-31 05:56:31,673,1,2
691,2022-10-29 01:15:26,2022-09-15 00:13:35,331,2,7
788,2019-08-23 20:49:38,2023-09-02 21:42:36,764,6,4
,2022-06-07 18:36:28,2023-02-12 16:08:44,43,5,3
345,2023-05-09 09:06:14,2019-09-25 06:06:21,828,6,7
255,2020-12-06 12:18:31,2022-01-09 02:09:26,598,5,2
597,2022-11-20 10:20:25,2020-11-26 16:36:05,188,8,5
536,2019-06-08 11:37:51,2021-07-25 14:50:04,330,4,6
347,2021-11-29 18:36:45,2020-04-28 23:00:58,906,9,3
332,2020-05-10 16:47:14,2022-11-08 23:49:47,408,4,7
588,2023-09-12 09:15:09,2023-11-23 02:33:34,530,7,5
,2024-04-17 17:46:17,2022-09-19 14:51:08,441,2,7
479,2020-04-11 12:49:44,2022-09-28 22:24:52,587,1,5
,2023-03-04 02:40:23,2021-04-20 01:39:06,239,5,6
401,2023-02-27 13:23:38,2022-02-27 05:09:42,243,3,6
,2019-04-19 21:44:05,2019-05-03 05:23:19,439,4,1
962,2021-03-25 13:28:44,2021-11-01 05:24:13,436,7,7
259,2019-07-13 05:37:38,2024-03-29 09:29:57,877,10,4
850,2023-11-02 03:47:45,2020-07-11 14:11:41,723,2,2
267,2020-03-29 22:29:59,2023-12-07 04:41:42,893,10,3
595,2020-02-27 09:24:08,2021-08-31 02:37:48,807,6,5
628,2021-08-29 09:10:40,2019-12-21 05:33:00,930,5,4
872,2023-08-31 18:46:59,2023-06-21 01:54:32,100,5,1
,2019-11-23 21:39:44,2020-12-31 22:37:43,85,8,7
,2020-08-26 07:51:40,2020-01-04 12:36:46,52,9,3
720,2021-12-16 14:06:08,2019-09-07 16:33:09,223,4,4
320,2022-11-27 04:06:12,2022-12-27 14:58:33,247,5,3
902,2022-10-01 13:34:27,2021-09-03 22:18:35,367,3,5
672,2021-06-22 03:28:31,2024-03-06 07:47:45,35,7,2
553,2024-03-02 18:38:42,2022-01-03 23:39:43,668,10,6
638,2019-08-26 09:30:48,2021-04-13 12:03:47,982,2,1
234,2019-08-23 23:12:57,2020-04-27 22:47:22,534,1,6
950,2022-07-20 10:10:26,2022-07-19 19:37:44,566,6,4
461,2019-12-15 22:19:17,2023-05-21 10:21:26,835,5,2
440,2023-06-07 03:56:24,2022-03-14 14:47:40,626,3,5
,2023-02-04 03:20:18,2020-08-27 14:42:34,150,9,2
881,2021-05-20 09:20:10,2020-09-14 08:42:09,514,7,3
582,2021-04-11 08:04:23,2022-06-26 16:47:10,580,4,1
214,2022-01-17 12:30:19,2023-12-26 00:12:43,903,10,5
618,2020-03-03 14:30:39,2019-09-26 06:43:25,470,5,6
415,2019-03-26 23:22:34,2024-03-13 21:49:05,658,3,6
,2021-02-15 23:37:29,2023-01-18 14:18:58,381,9,1
881,2023-02-16 07:35:54,2020-05-21 10:45:54,85,10,4
44,2021-05-02 15:00:50,2021-12-15 15:05:39,362,6,7
761,2023-12-09 05:06:58,2021-01-01 23:28:39,611,1,1
995,2019-05-12 10:02:54,2020-03-09 20:10:13,977,5,5
,2021-05-03 14:30:45,2019-09-07 23:57:43,356,6,6
214,2021-10-20 00:18:01,2023-12-15 22:42:34,896,9,7
272,2022-06-28 18:12:44,2023-02-09 10:06:50,779,6,1
26,2022-01-07 06:24:09,2022-01-13 16:17:27,414,2,3
760,2023-02-25 20:20:39,2020-06-24 13:26:19,369,4,5
153,2022-12-31 13:03:23,2021-12-11 18:38:17,859,4,6
,2023-02-26 11:53:24,2019-11-24 02:18:14,593,3,5
,2024-02-16 01:53:32,2023-03-11 23:15:13,92,3,5
933,2021-06-16 09:01:25,2021-01-09 18:46:14,531,2,3
914,2023-06-27 17:44:05,2020-10-23 22:26:18,624,2,3
115,2019-07-04 14:02:54,2022-04-11 06:56:05,736,9,1
,2020-02-26 07:12:34,2022-10-19 16:55:50,929,4,2
,2023-11-13 01:55:11,2019-07-20 07:38:06,368,3,7
908,2020-08-05 23:52:38,2019-09-10 10:49:07,247,10,6
903,2023-11-16 09:01:02,2023-02-24 14:10:56,360,1,7
416,2023-03-14 18:03:37,2019-09-26 05:51:10,269,5,5
548,2020-07-27 19:16:43,2023-10-09 11:06:33,245,2,3
,2021-08-11 02:27:29,2021-11-09 02:09:11,644,1,1
,2021-04-13 19:38:16,2022-06-23 08:15:52,497,2,4
361,2020-11-16 06:17:53,2021-10-10 00:09:40,905,7,5
642,2023-04-27 02:54:41,2020-09-23 08:39:09,760,1,1
705,2020-07-12 12:27:46,2021-12-21 20:59:09,492,6,2
591,2022-09-14 07:51:14,2024-02-06 03:26:26,559,2,6
736,2022-08-12 14:25:14,2019-08-21 09:07:43,121,1,6
,2021-12-11 02:08:25,2022-08-07 23:09:41,311,4,1
152,2022-03-31 21:21:03,2021-11-23 23:54:12,364,5,6
420,2021-04-04 20:19:23,2023-06-14 12:39:17,50,2,1
18,2019-09-13 17:41:32,2022-06-02 15:10:22,515,10,6
7,2021-01-25 16:47:41,2020-03-26 07:32:07,241,7,3
26,2022-11-01 16:26:18,2019-12-31 20:07:27,987,7,4
535,2021-08-01 19:11:33,2022-08-06 10:37:01,793,1,2
839,2023-12-10 12:58:56,2023-01-03 01:35:02,354,9,2
580,2022-04-05 05:50:31,2022-08-04 05:56:37,939,4,6
,2022-05-30 11:38:31,2019-07-19 09:33:16,261,9,7
319,2019-10-17 11:40:52,2022-07-21 19:37:04,849,6,1
206,2019-05-07 07:52:34,2022-02-04 05:30:57,297,3,5
279,2024-04-19 10:19:09,2023-11-18 02:21:43,743,7,1
811,2022-02-16 16:10:51,2023-12-09 02:53:42,665,6,6
966,2023-09-05 02:02:04,2023-08-16 05:51:29,261,7,1
,2022-01-23 03:55:15,2021-11-22 05:06:02,749,6,7
240,2020-06-07 04:18:55,2020-02-11 18:40:31,935,2,5
439,2023-10-25 11:33:55,2019-10-22 16:01:25,791,9,2
743,2024-01-11 00:37:59,2021-07-27 05:34:14,299,2,3
271,2020-06-05 03:13:52,2022-11-25 10:55:51,957,4,1
331,2022-03-22 08:08:11,2022-08-28 20:30:04,80,6,2
708,2023-09-12 10:14:52,2019-12-02 23:02:57,541,1,7
402,2023-08-07 11:28:57,2020-09-28 08:59:59,191,6,3
852,2024-04-04 03:38:10,2023-05-02 10:24:34,430,4,4
807,2021-05-11 16:44:36,2024-03-05 15:46:48,345,9,1
908,2020-10-01 10:23:36,2023-01-14 17:51:59,642,8,6
161,2020-05-26 08:31:09,2020-07-28 22:44:12,297,3,4
649,2024-02-22 23:50:31,2022-10-17 02:33:45,722,3,2
201,2022-12-23 21:07:44,2021-07-21 14:07:37,646,6,3
536,2022-10-28 16:09:24,2022-05-29 09:51:48,164,2,2
978,2019-12-06 08:50:50,2023-06-03 04:52:45,763,4,7
453,2020-02-13 08:50:21,2022-03-13 19:52:54,331,3,1
,2019-09-13 07:07:35,2021-11-20 03:56:17,388,3,5
968,2021-07-09 17:43:03,2019-11-16 14:45:10,638,2,7
864,2021-12-20 21:47:51,2020-03-20 23:42:44,283,3,1
902,2019-03-27 14:07:05,2024-03-08 14:25:21,188,10,3
679,2020-09-09 19:04:38,2020-03-03 05:10:03,785,8,6
54,2021-05-03 19:07:43,2019-11-26 00:56:55,512,6,1
,2019-09-06 10:21:26,2021-11-03 20:22:13,85,8,3
,2021-07-30 00:23:08,2021-01-31 04:52:53,160,1,2
572,2021-05-23 18:15:38,2020-03-21 20:15:31,684,10,3
110,2020-07-14 14:50:38,2023-12-30 05:44:43,440,2,2
40,2023-06-14 06:54:31,2021-06-06 13:23:22,882,5,1
442,2019-10-07 05:43:39,2021-10-25 20:55:07,434,1,6
494,2023-05-23 11:42:36,2019-09-07 09:41:06,761,6,3
446,2021-12-31 18:23:45,2020-01-30 06:36:22,736,3,1
,2021-01-15 04:06:14,2021-08-04 02:12:33,871,6,1
926,2020-12-09 03:50:37,2020-04-05 20:42:17,761,5,1
438,2020-02-01 19:30:01,2020-02-21 18:06:16,916,7,6
473,2021-02-26 20:17:18,2021-07-28 07:42:02,103,4,7
60,2022-02-23 20:44:49,2019-08-25 16:27:14,688,3,2
35,2021-07-07 13:31:35,2023-04-03 05:30:33,193,2,6
647,2020-10-23 03:20:28,2021-01-05 19:57:35,520,9,6
761,2019-06-13 23:19:47,2021-07-11 05:37:56,505,4,5
718,2020-12-24 08:54:19,2022-05-11 05:56:42,939,2,1
116,2023-02-14 20:47:33,2023-11-21 04:51:34,646,7,2
474,2021-03-22 09:49:20,2022-02-24 01:03:07,301,9,1
673,2021-09-30 04:19:52,2024-03-21 10:59:35,401,8,6
920,2023-12-26 08:42:58,2021-09-18 05:06:12,30,1,5
,2023-01-22 07:37:58,2022-08-21 04:40:30,392,9,4
,2021-04-23 19:24:18,2019-12-11 14:12:32,889,10,7
549,2021-08-02 15:35:30,2021-09-21 16:29:58,832,1,7
,2020-02-10 09:35:50,2022-06-01 16:29:45,864,10,4
604,2019-06-25 20:27:29,2020-09-25 17:27:07,686,6,7
,2024-04-13 02:31:44,2023-03-12 09:02:03,620,1,6
252,2023-09-08 08:20:12,2021-01-18 05:10:16,794,3,1
936,2021-03-24 10:01:17,2020-05-28 20:27:04,282,4,7
,2021-03-03 00:33:16,2023-02-04 11:40:40,464,5,7
,2019-03-16 08:26:13,2023-11-02 21:45:28,364,7,4
108,2021-09-13 01:37:00,2020-11-14 05:04:36,559,9,6
14,2019-06-12 19:24:15,2024-02-09 12:15:44,973,5,3
196,2021-09-22 03:59:17,2021-01-03 09:24:24,861,3,3
74,2019-08-21 06:13:26,2019-09-01 13:04:39,657,7,6
714,2019-09-06 02:12:21,2020-11-05 02:25:46,422,8,3
328,2023-07-28 07:03:54,2022-06-01 19:19:45,414,7,7
377,2024-03-31 00:17:51,2021-03-18 17:58:57,502,2,1
966,2021-10-13 19:21:23,2020-01-07 02:16:35,876,1,4
,2021-06-22 21:14:07,2024-02-20 17:21:48,740,1,6
699,2021-06-01 16:42:23,2019-11-22 22:27:30,547,8,6
490,2023-10-02 20:17:23,2021-04-07 06:37:13,26,4,1
687,2022-01-30 19:22:16,2021-03-15 19:40:31,296,7,3
958,2022-05-27 07:02:18,2023-09-10 16:41:03,171,9,2
201,2021-11-05 15:24:32,2023-05-06 19:27:52,815,4,3
